{"cameraMode":{"drawMode":0,"name":"Shaded","section":"Shading Mode"},"sceneLighting":false,"audioPlay":false,"sceneViewState":{"m_AlwaysRefresh":false,"showFog":true,"showSkybox":false,"showFlares":true,"showImageEffects":true,"showParticleSystems":true,"showVisualEffectGraphs":true,"m_FxEnabled":true},"in2DMode":false,"pivot":{"x":-2.384185791015625e-7,"y":-1.0074245929718018,"z":29.573829650878908},"rotation":{"x":0.005131916608661413,"y":0.9457752108573914,"z":-0.32459571957588198,"w":0.014736917801201344},"size":34.47068786621094,"orthographic":false}